序号,LaTeX公式,描述,来源图像,提取方法
1,"**说明**：图片中并未直接显示数学公式，而是展示了一个**螺杆（screw）**的三维模型，其中螺纹部分以红色/橙色高亮显示。根据图片所呈现的螺旋几何结构，以下提供描述该形状的核心数学公式。

---

**LaTeX**: 
$$
/begin{cases} 
x = r/cos/theta // 
y = r/sin/theta // 
z = /dfrac{p}{2/pi}/theta 
/end{cases}
$$

**名称**: 圆柱螺旋线参数方程（Cylindrical Helix Parametric Equation）

**含义**: 描述圆柱面上螺旋线的空间轨迹，是螺杆螺纹几何形状的基础数学表达。该方程表示一个点以恒定角速度绕圆柱轴线旋转，同时以恒定速度沿轴线方向移动所形成的轨迹（即螺杆螺纹的脊线）。

**变量**:
| 变量 | 说明 |
|------|------|
| $r$ | 螺旋半径（圆柱的半径） |
| $/theta$ | 参数，表示旋转角度（弧度，$/theta /in [0, +/infty)$） |
| $p$ | 螺距（pitch），即螺旋旋转一周（$2/pi$）沿轴向移动的距离 |
| $x, y, z$ | 螺旋线上任意点的三维空间坐标 |

**条件**: 
- 适用于**等距圆柱螺旋线**，即螺距 $p$ 恒定的情况。
- 对于多线螺纹（如双线、三线螺纹），需将螺距 $p$ 替换为**导程** $L = n /cdot p$（$n$ 为螺纹线数），此时 $z = /dfrac{L}{2/pi}/theta$。
- 该方程假设螺旋沿 $z$ 轴方向延伸，圆柱轴线与 $z$ 轴重合。",,output/qwen_qwen3.7-plus/images/w10-1-直线运动平台（下）_slide_4_img_3.png,deepseek_vl_智能识别
